condition,keyword_hit_rate,rougeL_f1,bertscore_f1,hallucination_score
C1,0.101931,0.06599050000000001,0.0,
C2,0.09901125000000001,0.066437,0.0,
C3,0.0696515,0.042708,0.0,
C4,0.08753181818181818,0.06357681818181818,0.0,
